{
  "language": {
    "precision": 1.0,
    "recall": 1.0,
    "f1-score": 1.0,
    "support": 259
  },
  "nlu_part": {
    "precision": 0.984375,
    "recall": 1.0,
    "f1-score": 0.9921259842519685,
    "support": 63
  },
  "name": {
    "precision": 1.0,
    "recall": 1.0,
    "f1-score": 1.0,
    "support": 77
  },
  "package_manager": {
    "precision": 1.0,
    "recall": 1.0,
    "f1-score": 1.0,
    "support": 7
  },
  "entity": {
    "precision": 1.0,
    "recall": 1.0,
    "f1-score": 1.0,
    "support": 17
  },
  "product": {
    "precision": 0.96,
    "recall": 1.0,
    "f1-score": 0.9795918367346939,
    "support": 96
  },
  "number": {
    "precision": 1.0,
    "recall": 1.0,
    "f1-score": 1.0,
    "support": 1
  },
  "job_function": {
    "precision": 0.9921259842519685,
    "recall": 0.9921259842519685,
    "f1-score": 0.9921259842519685,
    "support": 127
  },
  "company": {
    "precision": 1.0,
    "recall": 0.975,
    "f1-score": 0.9873417721518987,
    "support": 80
  },
  "location": {
    "precision": 1.0,
    "recall": 1.0,
    "f1-score": 1.0,
    "support": 5
  },
  "current_api": {
    "precision": 1.0,
    "recall": 1.0,
    "f1-score": 1.0,
    "support": 22
  },
  "city": {
    "precision": 1.0,
    "recall": 1.0,
    "f1-score": 1.0,
    "support": 1
  },
  "nationality": {
    "precision": 1.0,
    "recall": 1.0,
    "f1-score": 1.0,
    "support": 6
  },
  "micro avg": {
    "precision": 0.9921465968586387,
    "recall": 0.9960578186596584,
    "f1-score": 0.9940983606557376,
    "support": 761
  },
  "macro avg": {
    "precision": 0.9951154603270744,
    "recall": 0.9974712295578437,
    "f1-score": 0.9962450444146561,
    "support": 761
  },
  "weighted avg": {
    "precision": 0.9923464191852824,
    "recall": 0.9960578186596584,
    "f1-score": 0.9941289028995487,
    "support": 761
  }
}